Name,Service_Provider
Jamee,"Scott, Hahn and Whitehead"
Shena,Davis-Hensley
Tobie,Lewis-Davis
Joaquina,Haynes-Dean
Remona,"Phillips, Good and Ibarra"
Tonette,Sullivan Inc
Laveta,Parks Group
Ivelisse,Fleming Ltd
Bunny,Serrano-Hines
Merissa,Simmons PLC
Crystle,"Farmer, Lloyd and Mcgrath"
Serita,"Johnson, Thompson and Johnson"
Jene,Pugh-Sanchez
Isobel,Johnson-Tucker
Michel,Ellis-Williams
Lavona,"Mcknight, Rios and Alvarado"
Jacqui,Gonzalez-Saunders
Celesta,Thompson-Butler
Mitsue,Rangel Inc
Tamie,"Wilson, Fisher and Murray"
Floria,"Beltran, Stein and Mata"
Reiko,Morgan Inc
Romelia,Swanson-Copeland
Hwa,Mckinney-Smith
Susy,Simpson-Williams
Jack,"Smith, Mendoza and Morgan"
Pamula,Hubbard Group
Mariko,Hanna-Webb
Yon,"Brown, Sanders and Burke"
Contessa,Jordan-Adkins
Refugia,"Klein, Rose and Ward"
Yukiko,Weeks-Smith
Jama,Noble-Byrd
Signe,Gordon PLC
Tamala,"Boyle, Garcia and Lewis"
Clotilde,"Bray, Schwartz and Lopez"
Toccara,Romero-Jackson
Hee,"Hood, Ramirez and Holt"
Adena,"Richardson, Russell and Preston"
Launa,Crawford-Gould
Shawana,"Bailey, Harding and Hopkins"
Tama,Howard Group
Lesia,Johnson Inc
Aleshia,Parker-George
Carlyn,"Gordon, Hutchinson and Jones"
Blake,"Miller, Sawyer and Cannon"
Calista,"Jackson, Hines and Moore"
Cherlyn,Walters-Graves
Toi,Johnson PLC
Laverna,"Alvarado, Boyer and Douglas"
Charise,Floyd-Kennedy
Jutta,Peters-Ross
Verlene,Valencia-Wagner
Criselda,Coleman Group
Salley,"Baker, Myers and Hancock"
Rheba,"Wilson, Turner and Cox"
Tanja,Joseph-Gutierrez
Chere,"Ochoa, Baker and Sullivan"
Katherin,Smith PLC
Fermina,Bennett PLC
Tempie,Brown and Sons
Julene,Fernandez and Sons
Veola,"Thomas, Lawson and Davis"
Kallie,Mccoy and Sons
Felisa,Cox-Miller
Shondra,Hernandez-Murphy
Lakiesha,"Smith, Schmidt and Adams"
Petrina,Francis and Sons
Jinny,Warner Inc
Georgeann,Wilcox-Martinez
Lorina,Taylor Group
Merideth,Larson-Kelley
Dell,Thompson-Spencer
Tameika,"Gordon, Martinez and Phillips"
Terrell,Matthews PLC
Albertine,May PLC
Rima,Young-Vincent
Coralee,"Collier, Jacobson and Barber"
Tonie,Patterson Ltd
Jonell,Edwards Inc
Georgene,"Rodriguez, Burgess and Rose"
Krissy,Patel-Jackson
Camila,Suarez Ltd
Melissia,Hines Ltd
Jackqueline,"Davis, Lane and Hogan"
Tamala,Kramer LLC
Marx,Hall-Davis
Celestina,Buck-Love
Vernetta,White-Patrick
Daine,"Daniels, Lowery and Finley"
Regine,Garcia and Sons
Bula,Myers-Mclaughlin
Gidget,King-Sandoval
Eleanora,Dixon LLC
Floria,Robinson-Miller
Milly,Alvarez-Casey
Yan,"Crawford, Wilson and Anderson"
Krysten,Palmer-Brown
Neda,Miranda-Daniels
Jenette,"Rivera, Davis and Rosales"
